{"scope.version":"2","timeline.animationMode":"proMode","viewport.width":468,"viewport.height":60,"library.openDirectories":[],"library.GroupsPath":[],"library.downloadedAssets":[],"publish.local.flatten":true,"publish.local.minify":true,"publish.local.inlineFiles":false,"publish.local.createZip":true,"publish.local.politeLoad":false,"publish.local.exportMozilla":true,"publish.local.exportWebkit":true,"publish.local.unpackGroups":true,"publish.local.addBorder":false,"publish.local.useLightBorder":false,"publish.local.borderColor":"rgba(0,0,0,1)","publish.drive.flatten":true,"publish.drive.minify":true,"publish.drive.inlineFiles":false,"publish.drive.createZip":true,"publish.drive.politeLoad":false,"publish.drive.exportMozilla":true,"publish.drive.exportWebkit":true,"publish.drive.unpackGroups":true,"publish.drive.addBorder":false,"publish.drive.useLightBorder":false,"publish.drive.borderColor":"rgba(0,0,0,1)","publish.studio.flatten":true,"publish.studio.minify":true,"publish.studio.inlineFiles":false,"publish.studio.createZip":true,"publish.studio.politeLoad":false,"publish.studio.exportMozilla":true,"publish.studio.exportWebkit":true,"publish.studio.unpackGroups":true,"publish.studio.addBorder":false,"publish.studio.useLightBorder":false,"publish.studio.borderColor":"rgba(0,0,0,1)","publish.dbm.flatten":true,"publish.dbm.minify":true,"publish.dbm.inlineFiles":false,"publish.dbm.createZip":true,"publish.dbm.politeLoad":false,"publish.dbm.exportMozilla":true,"publish.dbm.exportWebkit":true,"publish.dbm.unpackGroups":true,"publish.dbm.addBorder":false,"publish.dbm.useLightBorder":false,"publish.dbm.borderColor":"rgba(0,0,0,1)","library.panelWidth":226,"library.columnWidths":[],"color.customColorPalettes":[],"timeline.showOnlyAnimatedLayers":false}